代理商编号,姓名,身份证号,微信,手机,QQ,代理区域,代理等级,上级代理ID,代理开始时间,代理结束时间,备注
NF3347270993,z,445281199204116777,z216985,13184894522,z,,董事,,2016-10-05,2017-10-05,
NF5331279895,赵小姐,123456789012346578,12345678,12345678901,12345778,,官方,17,2016-10-04,2017-10-04,
NF4909597723,测试,330122987766532212,ausing,13588776890,112,浙江,董事,,2016-10-04,2017-10-04,
NF4542262914,集成别墅,370304121852365421,w1127539211,15554912180,45213526,速度纷纷大幅,官方,15,2016-10-04,2017-10-04,大沙发上
NF4031299742,孙先生,341204198605042338,404344819,15906688731,404344819,,董事,,2016-10-04,2017-10-04,
DL003,王二,3301229988776634,ausing4,13488776632,2787766,浙江,一级代理,0,2016-01-01,2018-01-01,备注信息
DL002,李四,3301229988776633,ausing3,13488776632,2787766,浙江,一级代理,0,2016-01-01,2018-01-01,备注信息
DL001,李四,3301229988776632,ausing2,13488776632,2787766,浙江,一级代理,0,2016-01-01,2018-01-01,备注信息
NF063011700,gg1212,140102198206272078,18038038295,18688678888,676687788,,董事,,2016-10-04,2017-10-04,
NF2015194257,李,,xxtl141313,13713613976,,,代理2,9,2016-10-02,2017-10-02,
NF1159324650,李,,63427475,13314311191,,,董事,,2016-10-02,2017-10-02,
NF5843762841,zed,,123123,18384260988,,中国,董事,7,2016-10-01,2017-10-01,四川省成都市高新区新元大道南二路2号
NF5634474189,456546,,NF5541325046,13455555555,,445,董事,,2016-10-01,2017-10-01,
